"学科","书本","标题","题干","是否有图片","图片路径","掌握程度","标签","预留空间"
"数学","基础30讲","基础30讲-例0-15","设函数$f(x)=3ax^2+2bx+c$，$a+b+c=0$，$f(0)f(1)>0$。证明：(1) 方程$f(x)=0$有实根;(2) $-2<\dfrac{b}{a}<-1$;(3) 若$x_1,x_2$是方程$f(x)=0$的两个实根，则$\left|x_1-x_2\right|<\dfrac{2}{3}$。","n","基础30讲-例0-15","*","错题","8cm"
"数学","基础30讲","基础30讲-例0-16","设$a,b,c$均为正数，且$a+b+c=1$，证明：(1) $ab+bc+ac\leqslant\dfrac{1}{3}$;(2) $\dfrac{a^2}{b}+\dfrac{b^2}{c}+\dfrac{c^2}{a}\geqslant1$。","n","基础30讲-例0-16","*","错题","8cm"
"数学","基础30讲","基础30讲-例0-21","已知函数$f(x)=\left|x-a^2\right|+\left|x-2a+1\right|$。(1) 当$a=2$时，求不等式$f(x)\geqslant4$的解集;(2) 若$f(x)\geqslant4$，求$a$的取值范围。","n","基础30讲-例0-21","*","错题、思路不同","8cm"
"数学","基础30讲","基础30讲-例0-26","证明：$x_1^2 + (x_2 - x_1)^2 + (x_3 - x_2)^2 + \dots + (a - x_{n-1})^2 \geqslant \dfrac{a^2}{n} \ (n \geqslant 2)$","n","基础30讲-例0-26","*","错题","8cm"
"数学","基础30讲","基础30讲-例0-29","设二次函数$f(x)=ax^2+bx+c(a>0)$，方程$f(x)-x=0$的两个实根$x_1,x_2$满足$0<x_1<x_2<\dfrac{1}{a}$。(1) 当$x\in(0,x_1)$时，证明：$x<f(x)<x_1$;(2) 设函数$f(x)$的图像关于直线$x=x_0$对称，证明：$x_0<\dfrac{x_1}{2}$。","n","基础30讲-例0-29","*","错题","8cm"
"数学","基础30讲","基础30讲-例0-34","若关于$x$的不等式$x^2-2ax-8a^2<0(a>0)$的解集为$(x_1,x_2)$，且$x_2-x_1=15$，则$a=$（）。(A)$\dfrac{5}{2}$(B)$\dfrac{7}{2}$(C)$\dfrac{15}{4}$(D)$\dfrac{15}{2}$","n","基础30讲-例0-34","*","错题、思路不同","8cm"
"数学","基础30讲","基础30讲-例0-40","若函数$y=f(x-1)$的图像与函数$y=\ln\sqrt{x}+1$的图像关于直线$y=x$对称，则$f(x)=$（ ）。(A)$\mathrm{e}^{2x-1}$(B)$\mathrm{e}^{2x}$(C)$\mathrm{e}^{2x+1}$(D)$\mathrm{e}^{2x+2}$","n","基础30讲-例0-40","*","错题","8cm"
"数学","基础30讲","基础30讲-例0-41","函数$y=f(x)$的图像与函数$y=g(x)$的图像关于直线$x+y=0$对称，则$y=f(x)$的反函数是（）。(A)$y=g(x)$(B)$y=g(-x)$(C)$y=-g(x)$(D)$y=-g(-x)$","n","基础30讲-例0-41","*","错题","8cm"
"数学","基础30讲","基础30讲-例0-43","已知函数$f(x)=a\left(1-2\left|x-\dfrac{1}{2}\right|\right)$，$a$为常数且$a>0$。(1) 证明：函数$f(x)$的图像关于直线$x=\dfrac{1}{2}$对称;(2) 若$x_0$满足$f\left[f(x_0)\right]=x_0$，但$f(x_0)\neq x_0$，则称$x_0$为函数$f(x)$的二阶周期点，若$0<a<\dfrac{1}{2}$，求$f(x)$的二阶周期点的个数。","n","基础30讲-例0-43","*","错题","8cm"
"数学","基础30讲","基础30讲-例0-50","已知$-\dfrac{\pi}{2}<x<0$，$\sin x+\cos x=\dfrac{1}{5}$，则$\sin x-\cos x=$（ ）。(A)$\dfrac{7}{5}$(B)$-\dfrac{7}{5}$(C)$\dfrac{\sqrt{7}}{5}$(D)$-\dfrac{\sqrt{7}}{5}$","n","基础30讲-例0-50","***","思路不同","8cm"
"数学","基础30讲","基础30讲-例0-51","\(若3\sin\alpha - \sin\beta = \sqrt{10},\alpha + \beta = \frac{\pi}{2},则\sin\alpha = \underline{\quad\quad\quad\quad}.\)","n","基础30讲-例0-51","***","方法不同","8cm"
"数学","基础30讲","基础30讲-例0-52","\(已知\tan\alpha = -2,\tan(\alpha + \beta) = \frac{1}{7},则\tan\beta = \underline{\quad\quad\quad\quad}.\)","n","基础30讲-例0-52","***","方法不同","8cm"
"数学","基础30讲","基础30讲-例0-56","\(如图15所示，已知圆O的半径为1，A是圆上的定点，P是圆上一动点，角x的始边为射线OA，终边为射线OP. 过点P作直线OA的垂线，垂足为点M，将点M到直线OP的距离表示为x的函数f(x)，则y=f(x)在[0,\pi]上的图像大致为（\quad）。\)","y","基础30讲-例0-56","***","方法不同","8cm"
"数学","基础30讲","基础30讲-例0-57","\(设0 < x < \frac{\pi}{2}，证明\cos x < \frac{\sin x}{x} < 1.\)","n","基础30讲-例0-57","*","错题","8cm"
"数学","基础30讲","基础30讲-例0-58","\(若\arcsin x > \arccos x，则x的取值范围是\underline{\quad\quad\quad\quad}.\)","n","基础30讲-例0-58","*","错题","8cm"
"数学","基础30讲","基础30讲-例0-61","\(设f(x)=\arctan x,g(x)=\tan x，求g[f(x)]与f[g(x)]，并作它们的图像。\)","n","基础30讲-例0-61","*","错题","8cm"
"数学","基础30讲","基础30讲-例0-62","\(已知数列\{a_n\}的前n项和为S_n,a_1=1,S_n=2a_{n+1}，则S_n=（\quad）。\)","n","基础30讲-例0-62","*","错题","8cm"
"数学","基础30讲","基础30讲-例0-64","\(设S_n是数列\{a_n\}的前n项和，且a_1=-1,a_{n+1}=S_nS_{n+1}，则S_n=\underline{\quad\quad\quad\quad}.\)","n","基础30讲-例0-64","***","想得久","8cm"
"数学","基础30讲","基础30讲-例0-66","\(定义在(-\infty,0)\cup(0,+\infty)上的函数f(x)，如果对于任意给定的等比数列\{a_n\}，\{f(a_n)\}仍是等比数列，那么称f(x)为“保等比数列函数”。现有定义在(-\infty,0)\cup(0,+\infty)上的如下函数：①f(x)=x^2;②f(x)=2^x;③f(x)=\sqrt{|x|};④f(x)=\ln|x|。其中是“保等比数列函数”的f(x)的所有序号为（\quad）。(A) ①②\quad(B) ③④\quad(C) ①③\quad(D) ②④\)","n","基础30讲-例0-66","***","思路不正规","8cm"
"数学","基础30讲","基础30讲-例0-67","\(已知数列\{x_n\}满足：x_1=0,x_{n+1}=-x_n^2+x_n+c(n\in\mathbf{N}_+)。证明：数列\{x_n\}是单调递减数列的充分必要条件是c<0。\)","n","基础30讲-例0-67","*","错题","8cm"
"数学","基础30讲","基础30讲-例0-68","已知函数$f(x)=x-\sin x$是$(0,1)$上的增函数，数列$\{a_n\}$满足：$0<a_1<1$，$a_{n+1}=f(a_n)$，$n=1,2,3,\cdots$。证明：$0<a_{n+1}<a_n<1$。","n","基础30讲-例0-68","***","思路不正规","8cm"
"数学","基础30讲","基础30讲-例0-71","一曲线在旧坐标系中的方程为$y=5x^2-4x-1$，问坐标系经过怎样的平移能使曲线的方程化为最简形式，并由此画出方程所表示的图形。","n","基础30讲-例0-71","***","思路不同","8cm"
"数学","基础30讲","基础30讲-例1-2","设函数$f(x)$的定义域为$(0,+\infty)$，且满足$2f(x)+x^2f\left(\dfrac{1}{x}\right)=\dfrac{x^2+2x}{\sqrt{1+x^2}}$，则$f(x)=$","n","基础30讲-例1-2","*","错题、计算错误","8cm"
"数学","基础30讲","基础30讲-例1-3","求函数$y=f(x)=\ln\left(x+\sqrt{x^2+1}\right)$的反函数$f^{-1}(x)$的表达式及其定义域。","n","基础30讲-例1-3","*","错题、想得久、方法不同","8cm"
"数学","基础30讲","基础30讲-例1-4","设$f(x)=x^2$，$f[\varphi(x)]=-x^2+2x+3$，且$\varphi(x)\geqslant0$，求$\varphi(x)$及其定义域与值域。","n","基础30讲-例1-4","***","方法不同","8cm"
"数学","基础30讲","基础30讲-例1-6","证明函数$f(x)=\dfrac{x}{1+x^2}$在$(-\infty,+\infty)$内有界。","n","基础30讲-例1-6","***","思路不正规","8cm"
"数学","基础30讲","基础30讲-例1-10","设 $0<x<\dfrac{1}{2}$，求 $y(x)=x^6(1-x)^2(1-2x)^4$ 的最大值点。","n","基础30讲-例1-10","*","错题、计算错误","8cm"
"数学","基础30讲","基础30讲-例1-11","已知$e^x = \sum\limits_{n=0}^{\infty} \dfrac{x^n}{n!},\ x\in\mathbf{R}$，则$2^x =$（ ）。$(A)\ \sum\limits_{n=1}^{\infty} \dfrac{(x\ln 2)^n}{n!} \qquad \quad (B)\ \sum\limits_{n=0}^{\infty} \dfrac{(x\ln 2)^n}{n!} \quad (C)\ \sum\limits_{n=1}^{\infty} \dfrac{(\ln 2)x^n}{n!} \qquad \quad (D)\ \sum\limits_{n=0}^{\infty} \dfrac{(\ln 2)x^n}{n!}$","n","基础30讲-例1-11","*","错题","8cm"
"数学","基础30讲","基础30讲-例1-12","设 $y=\sin x$，$0\le x\le 2\pi$，求其所有单调区间上的反函数。","n","基础30讲-例1-12","*","错题、知识点模糊","8cm"
"数学","基础30讲","基础30讲-例1-19","设 $x \to 0$ 时，$\mathrm{e}^{\tan x} - \mathrm{e}^{\sin x}$ 与 $x^n$ 是同阶无穷小，则 $n$ 为（ ）。$(A)\ 1 \qquad \quad (B)\ 2 \quad (C)\ 3 \qquad \quad (D)\ 4$","n","基础30讲-例1-19","*","错题","8cm"
"数学","基础30讲","基础30讲-例1-20","证明：(1) 若$\lim \dfrac{f(x)}{g(x)} = A$，且$\lim g(x) = 0$，则$\lim f(x) = 0$;(2) 若$\lim \dfrac{f(x)}{g(x)} = A \neq 0$，且$\lim f(x) = 0$，则$\lim g(x) = 0$。","n","基础30讲-例1-20","*","错题、方法不同","8cm"
"数学","基础30讲","基础30讲-例1-21","设 $\lim\limits_{x \to 0} \dfrac{\sin x}{e^x - a} (\cos x - b) = 5$，则 $b =$（ ）。$(A)\ -4 \qquad \quad (B)\ -3 \quad (C)\ -2 \qquad \quad (D)\ -1$","n","基础30讲-例1-21","*","错题、方法不同","8cm"
"数学","基础30讲","基础30讲-例1-23","设$f(x)=\ln^{10}x$，$g(x)=x$，$h(x)=e^{\frac{x}{10}}$，则当$x$充分大时，有（ ）。$(A)\ g(x) < h(x) < f(x) \quad (B)\ h(x) < g(x) < f(x) \quad (C)\ f(x) < g(x) < h(x) \quad (D)\ g(x) < f(x) < h(x)$","n","基础30讲-例1-23","*","错题","8cm"
"数学","基础30讲","基础30讲-例1-25","求极限$I=\lim\limits_{x \to \infty} \dfrac{a_n x^n + a_{n-1} x^{n-1} + \dots + a_1 x + a_0}{b_m x^m + b_{m-1} x^{m-1} + \dots + b_1 x + b_0}$，其中$a_n(\neq 0)$，$b_m(\neq 0)$为常数。","n","基础30讲-例1-25","*","错题、不规范","8cm"
"数学","基础30讲","基础30讲-例1-26","设函数$f(x)=\lim\limits_{n\rightarrow\infty}\dfrac{x^2+nx(1-x)\sin^2\pi x}{1+n\sin^2\pi x}$，则$f(x)=$","n","基础30讲-例1-26","*","错题、不规范","8cm"
"数学","基础30讲","基础30讲-例1-27","已知极限$\lim\limits_{x\rightarrow0}\dfrac{\tan 2x+xf(x)}{\sin x^3}=0$，则$\lim\limits_{x\rightarrow0}\dfrac{2+f(x)}{x^2}=$（ ）。$\begin{array}{llll}\text{(A) }\dfrac{13}{9}&\text{(B) }4&\text{(C) }\dfrac{10}{3}&\text{(D) }-\dfrac{8}{3}\end{array}$","n","基础30讲-例1-27","*","错题","8cm"
"数学","基础30讲","基础30讲-例1-28","求极限$\lim\limits_{x\rightarrow1^-}\ln x \ln(1-x)$。","n","基础30讲-例1-28","*","错题、方法不同","8cm"
"数学","基础30讲","基础30讲-例1-31","求极限$\lim\limits_{x\rightarrow+\infty}\left[x^2\left(e^{\frac{1}{x}}-1\right)-x\right]$。","n","基础30讲-例1-31","*","错题、不规范","8cm"
"数学","基础30讲","基础30讲-例1-35","设函数$f(x)=\dfrac{\sin x}{1+x^2}$在$x=0$处的3次泰勒多项式为$ax+bx^2+cx^3$，则（ ）。$\begin{array}{llll}\text{(A) }a=1,b=0,c=-\dfrac{7}{6}&\text{(B) }a=1,b=0,c=\dfrac{7}{6}&\text{(C) }a=-1,b=-1,c=-\dfrac{7}{6}&\text{(D) }a=-1,b=-1,c=\dfrac{7}{6}\end{array}$","n","基础30讲-例1-35","*","错题","8cm"
"数学","基础30讲","基础30讲-例1-37","函数$f(x)=\dfrac{e^{\frac{1}{x-1}}\ln|1+x|}{(e^x - 1)(x - 2)}$的第二类间断点的个数为（ ）。$\begin{array}{llll}\text{(A) }1&\text{(B) }2&\text{(C) }3&\text{(D) }4\end{array}$","n","基础30讲-例1-37","*","错题","8cm"
"数学","基础30讲","基础30讲-习1-1","若$\lim\limits_{x\to 0}\dfrac{\sin x + xf(x)}{x^3}=0$，则$\lim\limits_{x\to 0}\dfrac{1+f(x)}{x^2}$为（ ）。(A)$0$ (B)$\dfrac{1}{3}$ (C)$\dfrac{1}{6}$ (D)$\infty$","n","基础30讲-习1-1","***","方法不同","8cm"
"数学","基础30讲","基础30讲-习1-8","$\lim\limits_{x \to \infty} \left( \dfrac{x+2}{x-1} \right)^x$","n","基础30讲-习1-8","***","公式","8cm"
"数学","基础30讲","基础30讲-习1-11","设$f(x)=\arcsin(\sin x)$，画出$f(x)$的图形。","n","基础30讲-习1-11","*","错题","8cm"
"数学","基础30讲","基础30讲-习1-13","求极限 $\lim\limits_{x\to 0}\left(\dfrac{a_1^x + a_2^x + \dots + a_n^x}{n}\right)^{\frac{n}{x}}$，其中 $a_i > 0,\,i=1,2,\dots,n$。","n","基础30讲-习1-13","***","方法不同","8cm"
"数学","基础30讲","基础30讲-习1-15","$\lim\limits_{x\to 0}\dfrac{\ln(1+x)-(ax+bx^2)}{x^2}=2$，求常数$a,b$。","n","基础30讲-习1-15","*","方法不同","8cm"
"数学","基础30讲","基础30讲-例2-2","证明：若$\lim\limits_{n \to \infty} a_n = A$，则$\lim\limits_{n \to \infty} |a_n| = |A|$。","n","基础30讲-例2-2","*","错题、方法不同","8cm"
"数学","基础30讲","基础30讲-例2-5","已知$a_n=1-\dfrac{(-1)^n}{n}(n=1,2,\dots)$，则$\{a_n\}$（）。(A)有最大值，有最小值 (B)有最大值，没有最小值 (C)没有最大值，有最小值 (D)没有最大值，没有最小值","n","基础30讲-例2-5","*","不规范","8cm"
"数学","基础30讲","基础30讲-例2-7","当$x \to 0$时，$\frac{1}{x}\sin\frac{1}{x}$是（）。(A)无穷大量 (B)无界量，但不是无穷大量 (C)有界量，但不是无穷小量 (D)无穷小量","n","基础30讲-例2-7","*","不规范","8cm"
"数学","基础30讲","基础30讲-例2-10","求极限$\lim\limits_{n \to \infty} \sqrt[n]{a_1^n + a_2^n + \cdots + a_m^n}$，其中$a_i(i=1,2,\dots,m)$都是非负数。","n","基础30讲-例2-10","*","错题","8cm"
"数学","基础30讲","基础30讲-例2-11","设$0 < a_n < \frac{\pi}{2}$，$0 < b_n < \frac{\pi}{2}$，$\cos a_n - a_n = \cos b_n$，且$\lim\limits_{n \to \infty} b_n = 0$，求$\lim\limits_{n \to \infty} a_n$，$\lim\limits_{n \to \infty} \frac{a_n}{b_n^2}$。","n","基础30讲-例2-11","*","错题、不规范","8cm"
"数学","基础30讲","基础30讲-例2-12","设$0 < x_1 < 3$，$x_{n+1} = \sqrt{x_n(3 - x_n)}(n=1,2,\dots)$，证明数列$\{x_n\}$的极限存在，并求此极限。","n","基础30讲-例2-12","*","错题","8cm"
"数学","基础30讲","基础30讲-例2-14","证明方程 $x = 2\ln(1+x)$ 在 $(0, +\infty)$ 内有唯一实根 $\xi$;","n","基础30讲-例2-14","*","错题、不简洁","8cm"
"数学","基础30讲","基础30讲-例2-15","证明方程 $x = \cos x$ 在 $\left(0, \frac{\pi}{3}\right)$ 内有唯一实根 $a$;","n","基础30讲-例2-15","*","错题","8cm"
"数学","基础30讲","基础30讲-例2-17","“存在正整数$N$，当$n\geq N$时，恒有$|x_n-a|\leq \frac{1}{n}$”是数列$\{x_n\}$收敛于$a$的（）。(A)充分不必要条件 (B)必要不充分条件 (C)充分必要条件 (D)既不充分也不必要条件","n","基础30讲-例2-17","*","错题","8cm"
"数学","基础30讲","基础30讲-习2-2","$\text{设数列}\{x_n\}\text{满足}x_n>0,\text{且}\lim\limits_{n \to \infty} \dfrac{x_{n+1}}{x_n} = \dfrac{1}{2},\text{则（）。}\newline \text{(A) }\lim\limits_{n \to \infty} x_n = 0 \newline \text{(B) }\lim\limits_{n \to \infty} x_n\text{存在，但不为零} \newline \text{(C) }\lim\limits_{n \to \infty} x_n\text{不存在} \newline \text{(D) }\lim\limits_{n \to \infty} x_n\text{可能存在，也可能不存在}$","n","基础30讲-习2-2","*","错题","8cm"
"数学","基础30讲","基础30讲-习2-7","设函数$f(x)$在$[a,b]$上连续，$x_1,x_2,\dots,x_n$是$[a,b]$上的一个点列，求$\lim\limits_{n \to \infty} \sqrt[n]{\frac{1}{n}\sum\limits_{k=1}^n e^{f(x_k)}}$。","n","基础30讲-习2-7","***","不简洁","8cm"
"数学","基础30讲","基础30讲-习2-8","设$x_1=2$，$x_n+(x_n-4)x_{n-1}=3\ (n=2,3,\dots)$，证明$\lim\limits_{n\to\infty}x_n$存在，并求其值。","n","基础30讲-习2-8","***","方法不同","8cm"
"数学","基础30讲","基础30讲-例3-1","以下命题，错误的是（ ）。(A)若$f(x)$是可导的偶函数，则$f'(x)$是奇函数 (B)若$f(x)$是可导的奇函数，则$f'(x)$是偶函数 (C)若$f(x)$是可导的周期为$T$的周期函数，则$f'(x)$也是以$T$为周期的周期函数 (D)若$f(x)$是可导的有界函数，则$f'(x)$是有界函数","n","基础30讲-例3-1","*","错题","8cm"
"数学","基础30讲","基础30讲-例3-3","设$f(x)$在$x=0$的某邻域内有定义，并且$|f(x)|\leqslant 1-\cos x$，则$f(x)$在$x=0$处( ).(A) 极限存在但不连续(B) 连续但不可导(C) 可导且$f'(0)=0$(D) 可导且$f'(0)\neq 0$","n","基础30讲-例3-3","*","错题","8cm"
"数学","基础30讲","基础30讲-例3-5","设$f(x)$在$x=a$处连续，$F(x)=f(x)|x-a|$，则$f(a)=0$是$F(x)$在$x=a$处可导的( ).(A) 充要条件(B) 充分非必要条件(C) 必要非充分条件(D) 既非充分又非必要条件","n","基础30讲-例3-5","***","不简洁","8cm"
"数学","基础30讲","基础30讲-例3-8","设曲线$y=f(x)=x^n$在点$(1,1)$处的切线与$x$轴的交点为$(\xi_n,0)$，则$\lim\limits_{n\rightarrow\infty}f(\xi_n)=$\underline{\qquad\qquad}","n","基础30讲-例3-8","*","错题","8cm"
"数学","基础30讲","基础30讲-例3-9","设$f(x)$在$x=x_0$处二阶可导，且$f'(x_0)=0$，$f''(x_0)\neq 0$。证明：(1) 若$f''(x_0)<0$，则$f(x)$在$x_0$处取得极大值;(2) 若$f''(x_0)>0$，则$f(x)$在$x_0$处取得极小值。","n","基础30讲-例3-9","*","错题","8cm"
"数学","基础30讲","基础30讲-习3-2","设函数$f(x)=\left|x^3-1\right|\varphi(x)$，其中$\varphi(x)$在$x=1$处连续，则$\varphi(1)=0$是$f(x)$在$x=1$处可导的( )。(A) 充分必要条件 (B) 充分但非必要条件 (C) 必要但非充分条件 (D) 既非充分又非必要条件","n","基础30讲-习3-2","*","错题","8cm"
"数学","基础30讲","基础30讲-习3-5","设$f(x)=(x-a)\varphi(x)$，其中$\varphi(x)$连续，则$f'(a)=$\underline{\qquad\qquad}","n","基础30讲-习3-5","*","错题","8cm"
"数学","基础30讲","基础30讲-习3-6","设$f(x)$满足$f(0)=0$，且$f'(0)$存在，则$\lim\limits_{x\to 0}\dfrac{f(1-\sqrt{\cos x})}{\ln(1-x\sin x)}=$\underline{\qquad\qquad}","n","基础30讲-习3-6","*","方法不同","8cm"
"数学","基础30讲","基础30讲-习3-7","证明：(1) 若$F(x)$在$[x_0,x_0+\delta)(\delta>0)$连续，在$(x_0,x_0+\delta)$内可导，当$\lim\limits_{x\to x_0^+}F'(x)=A$时，有$F'_+(x_0)=A$;(2) 若$F(x)$在$(x_0-\delta,x_0]$连续，在$(x_0-\delta,x_0)$内可导，当$\lim\limits_{x\to x_0^-}F'(x)=A$时，有$F'_-(x_0)=A$。","n","基础30讲-习3-7","*","错题","8cm"
"数学","基础30讲","基础30讲-例4-1","设$f(x)=\prod\limits_{n=1}^{100}\left( \tan\frac{\pi x^n}{4}-n \right)$，则$f'(1)=\underline{\qquad\qquad}$","n","基础30讲-例4-1","***","方法不同","8cm"
"数学","基础30讲","基础30讲-例4-2","设 $y = \ln(x + \sqrt{x^2 + a^2}) (a \neq 0)$，求 $\left. y' \right|_{x=0}$。","n","基础30讲-例4-2","*","错题","8cm"
"数学","基础30讲","基础30讲-例4-3","设函数$f(x)=\begin{cases}\ln\sqrt{x}, & x\geq1, \\2x-1, & x<1,\end{cases}$且$y=f[f(x)]$，则$\left.\dfrac{\mathrm{d}y}{\mathrm{d}x}\right|_{x=e}=$","n","基础30讲-例4-3","***","不规范","8cm"
"数学","基础30讲","基础30讲-例4-7","当$x>0$时，设$y=f(x)=3x^2+\mathrm{e}^x$有反函数$x=\varphi(y)$，则$\varphi''(3+\mathrm{e})=$","n","基础30讲-例4-7","*","错题","8cm"
"数学","基础30讲","基础30讲-例4-11","设函数$y=y(x)$由方程$x\mathrm{e}^{f(y)} = \mathrm{e}^y \ln 2$确定，其中$f$具有二阶导数，且$f'\neq 1$，则$\dfrac{\mathrm{d}^2 y}{\mathrm{d}x^2} = \underline{\qquad\qquad}$","n","基础30讲-例4-11","*","错题","8cm"
"数学","基础30讲","基础30讲-例4-13","求函数 $y = x^{\frac{1}{x}} (x>0)$ 的导数。","n","基础30讲-例4-13","*","错题","8cm"
"数学","基础30讲","基础30讲-例4-14","求 $y=\sin x$ 的 $n$ 阶导数。","n","基础30讲-例4-14","*","错题","8cm"
"数学","基础30讲","基础30讲-例4-18","设$f(x)=x^2\ln(1-x)$，则当$n\geqslant 3$时，$f^{(n)}(0)=$（ ）。(A) $-\dfrac{n!}{n-2}$(B) $\dfrac{n!}{n-2}$(C) $-\dfrac{(n-2)!}{n}$(D) $\dfrac{(n-2)!}{n}$","n","基础30讲-例4-18","*","错题","8cm"
"数学","基础30讲","基础30讲-习4-7","已知$g(x)$在$x=0$处二阶可导，且$g(0)=g'(0)=0$，设$$f(x)=\begin{cases}\dfrac{g(x)}{x}, & x\neq 0, \\0, & x=0,\end{cases}$$证明：$f(x)$的导函数在$x=0$处连续。","n","基础30讲-习4-7","*","错题","8cm"
"数学","基础30讲","基础30讲-例5-1","设函数$f(x)$可导，且$f(x)f'(x)>0$，则（ ）。(A) $f(1)>f(-1)$(B) $f(1)<f(-1)$(C) $|f(1)|>|f(-1)|$(D) $|f(1)|<|f(-1)|$","n","基础30讲-例5-1","*","错题、不规范","8cm"
"数学","基础30讲","基础30讲-例5-2","设函数$f(x)$二阶可导，且在$x=x_0$处取极大值，则有（ ）。(A) $f''(x_0)<0$(B) $f''(x_0)\le 0$(C) $f''(x_0)>0$(D) $f''(x_0)\ge 0$","n","基础30讲-例5-2","*","错题","8cm"
"数学","基础30讲","基础30讲-例5-3","设函数$y=y(x)$由方程$y^3+xy^2+x^2y+6=0$确定，求$y(x)$的极值。","n","基础30讲-例5-3","*","错题","8cm"
"数学","基础30讲","基础30讲-例5-9","求曲线 $y=\dfrac{1}{x}+\ln(1+\mathrm{e}^x)$ 的渐近线。","n","基础30讲-例5-9","*","错题","8cm"
"数学","基础30讲","基础30讲-例5-14","画出$r=\sin^2\theta\ (0\leqslant\theta\leqslant\pi)$在直角坐标系和极坐标系下的图像。","n","基础30讲-例5-14","*","错题","8cm"
"数学","基础30讲","基础30讲-习5-1","设函数$f(x),g(x)$具有二阶导数，且$g''(x)<0$。若$g(x_0)=a$是$g(x)$的极值，则$f[g(x)]$在$x_0$取极大值的一个充分条件是（ ）。(A) $f'(a)<0$ (B) $f'(a)>0$ (C) $f''(a)<0$ (D) $f''(a)>0$","n","基础30讲-习5-1","*","错题","8cm"
"数学","基础30讲","基础30讲-习5-2","设$f(x)$在$[a,b]$上可导，且在点$x=a$处取最小值，在点$x=b$处取最大值，则（ ）。(A) $f'_+(a)\leqslant 0$，$f'_-(b)\leqslant 0$ (B) $f'_+(a)\leqslant 0$，$f'_-(b)\geqslant 0$ (C) $f'_+(a)\geqslant 0$，$f'_-(b)\leqslant 0$ (D) $f'_+(a)\geqslant 0$，$f'_-(b)\geqslant 0$","n","基础30讲-习5-2","*","错题","8cm"
"数学","基础30讲","基础30讲-习5-5","曲线$y=(x-5)x^{\frac{2}{3}}$的拐点坐标为$\underline{\qquad\qquad}$。","n","基础30讲-习5-5","*","错题","8cm"
"数学","基础30讲","基础30讲-例6-1","设函数$f(x)$在$[0,1]$上连续，且$f(1)=0$，$f\left(\dfrac{1}{2}\right)=1$，证明：存在$\eta\in\left(\dfrac{1}{2},1\right)$，使得$f(\eta)=\eta$。","n","基础30讲-例6-1","*","错题","8cm"
"数学","基础30讲","基础30讲-例6-2","设函数$f(x)$在区间$[0,1]$上连续，且$f(1)>0$，$\lim\limits_{x\to0^+}\dfrac{f(x)}{x}<0$。证明：方程$f(x)=0$在区间$(0,1)$内至少存在一个实根。","n","基础30讲-例6.2","*","错题、不规范","8cm"
"数学","基础30讲","基础30讲-例6-5","设$f(x)$在$[a,b]$上连续，在$(a,b)$内可导，$f(a)=0$，$a>0$，证明：存在$\xi\in(a,b)$，使得$f(\xi)=\dfrac{b-\xi}{a}f'(\xi)$。","n","基础30讲-例6-5","*","错题","8cm"
"数学","基础30讲","基础30讲-例6-6","设函数$f(x)$在$[0,1]$上连续，在$(0,1)$内二阶可导，过点$A(0,f(0))$与点$B(1,f(1))$的直线与曲线$y=f(x)$相交于点$C(c,f(c))$，其中$0<c<1$，证明：存在$\xi\in(0,1)$，使得$f''(\xi)=0$。","n","基础30讲-例6-6","*","错题","8cm"
"数学","基础30讲","基础30讲-例6-8","若$f(x)$在$(a,b)$内可导且$f'(x)$有界，证明：$f(x)$在$(a,b)$内有界。","n","基础30讲-例6-8","*","错题","8cm"
"数学","基础30讲","基础30讲-例6-10","设函数$f(x)$满足$f(0)=0$，且当$x>0$时，$f(x)<0$，$f'(x)<0$，$f''(x)>0$，则当$0< a< x< b$时，有（ ）。(A) $xf(x)>af(a)$(B) $bf(b)>xf(x)$(C) $xf(a)>af(x)$(D) $xf(b)>bf(x)$","n","基础30讲-例6-10","*","错题","8cm"
"数学","基础30讲","基础30讲-例6-12","设函数$f(x)$在$[0,1]$上二阶可导，且$\int_{0}^{1} f(x) \mathrm{d}x = 0$，则（ ）。(A) 当$f'(x)<0$时，$f\left(\dfrac{1}{2}\right)<0$(B) 当$f''(x)<0$时，$f\left(\dfrac{1}{2}\right)<0$(C) 当$f'(x)>0$时，$f\left(\dfrac{1}{2}\right)<0$(D) 当$f''(x)>0$时，$f\left(\dfrac{1}{2}\right)<0$","n","基础30讲-例6-12","*","错题","8cm"
"数学","基础30讲","基础30讲-例6-15","若$3a^2-5b<0$，则方程$x^5+2ax^3+3bx+4c=0$（ ）。(A) 无实根(B) 有唯一实根(C) 有三个不同实根(D) 有五个不同实根","n","基础30讲-例6-15","*","错题","8cm"
"数学","基础30讲","基础30讲-例6-17","已知方程$e^x=kx$有且仅有一个实根，则$k$的取值范围是\underline{\quad\quad}.","n","基础30讲-例6-17","*","错题","8cm"
"数学","基础30讲","基础30讲-例6-18","已知方程$x^n + nx - 1 = 0$，其中$n$为正整数。证明此方程存在唯一正实根$x_n$。;n;基础30讲-例6-18;*;错题;8cm数学;基础30讲;基础30讲-例6-19;证明当$0 < x < \dfrac{\pi}{2}$时，有$\sin x > \dfrac{2x}{\pi}$。","n","基础30讲-例6-19","*","错题、不同方法","8cm"
"数学","基础30讲","基础30讲-例6-20","证明：$\left(\ln\dfrac{1+x}{x}-\dfrac{1}{1+x}\right)^2 < \dfrac{1}{x(1+x)^2}(x>0)$。","n","基础30讲-例6-20","*","错题","8cm"
"数学","基础30讲","基础30讲-例6-21","设$0 < a < b$，证明不等式$\dfrac{2a}{a^2 + b^2} < \dfrac{\ln b - \ln a}{b - a} < \dfrac{1}{\sqrt{ab}}$。","n","基础30讲-例6-21","*","错题","8cm"
"数学","基础30讲","基础30讲-习6-3","设实数$a_0,a_1,a_2,\dots,a_n$满足$a_0+\dfrac{a_1}{2}+\dfrac{a_2}{3}+\dots+\dfrac{a_n}{n+1}=0$，证明：方程$a_0+a_1x+a_2x^2+\dots+a_nx^n=0$在$(0,1)$内至少有一个根。","n","基础30讲-习6-3","*","错题","8cm"
"数学","基础30讲","基础30讲-习6-8","设$f(x)$在$[0,1]$上具有二阶导数，且满足条件$|f(x)|\leqslant a$，$|f''(x)|\leqslant b$，其中$a,b$都是非负常数，$c$是$(0,1)$内任意一点。(1) 写出$f(x)$在点$x=c$处带拉格朗日型余项的一阶泰勒公式;(2) 证明$|f'(x)|\leqslant 2a+\dfrac{b}{2}$。","n","基础30讲-习6-8","*","错题","8cm"
"数学","基础30讲","基础30讲-例7-1","已知动点$P$在曲线$y=x^3$上运动，记坐标原点与点$P$间的距离为$l$。若点$P$的横坐标对时间的变化率为常数$v_0$，则当点$P$运动到点$(1,1)$时，$l$对时间的变化率是$\underline{\qquad\qquad}$。","n","基础30讲-例7-1","***","其他方法","8cm"
"数学","基础30讲","基础30讲-习7-3","甲车以 \(24\ \text{km/h}\) 的速度向北行驶，同时正东 \(10\ \text{km}\) 处乙车以 \(20\ \text{km/h}\) 的速度向东行驶。从这一时刻起经过 \(1\) 小时后，求两车间的距离对时间的变化率。","n","基础30讲-习7-3","*","错题","8cm"
"数学","基础30讲","基础30讲-例8-2","函数$f(x)=\begin{cases}\dfrac{1}{\sqrt{1+x^2}}, & x\leqslant 0, \\(x+1)\cos x, & x>0\end{cases}$的一个原函数为（ ）。\\(A) $F(x)=\begin{cases}\ln\left(\sqrt{1+x^2}-x\right), & x\leqslant 0, \\(x+1)\cos x-\sin x, & x>0\end{cases}$\\(B) $F(x)=\begin{cases}\ln\left(\sqrt{1+x^2}-x\right)+1, & x\leqslant 0, \\(x+1)\cos x-\sin x, & x>0\end{cases}$\\(C) $F(x)=\begin{cases}\ln\left(\sqrt{1+x^2}+x\right), & x\leqslant 0, \\(x+1)\sin x+\cos x, & x>0\end{cases}$\\(D) $F(x)=\begin{cases}\ln\left(\sqrt{1+x^2}+x\right)+1, & x\leqslant 0, \\(x+1)\sin x+\cos x, & x>0\end{cases}$","n","基础30讲-例8-2","*","错题","8cm"
"数学","基础30讲","基础30讲-例8-3","在区间$[-1,2]$上，以下四个结论：① $f(x)=\begin{cases}2, & x>0, \\1, & x=0, \\-1, & x<0\end{cases}$ 有原函数，但其定积分不存在;② $f(x)=\begin{cases}2x\sin\frac{1}{x^2}-\frac{2}{x}\cos\frac{1}{x^2}, & x\neq0, \\0, & x=0\end{cases}$ 有原函数，其定积分也存在;③ $f(x)=\begin{cases}\frac{1}{x}, & x\neq0, \\0, & x=0\end{cases}$ 没有原函数，其定积分也不存在;④ $f(x)=\begin{cases}2x\cos\frac{1}{x}+\sin\frac{1}{x}, & x\neq0, \\0, & x=0\end{cases}$ 有原函数，其定积分也存在。正确结论的个数为（ ）。\\(A)$1$\\(B)$2$\\(C)$3$\\(D)$4$","n","基础30讲-例8-3","*","错题","8cm"
"数学","基础30讲","基础30讲-例8-4","设可导函数$y=f(x)$在$[0,+\infty)$上的值域是$[0,+\infty)$，$f(0)=0$，$f'(x)>0$，$x=\varphi(y)$是$y=f(x)$的反函数。记$I=\int_{0}^{a}f(x)\mathrm{d}x+\int_{0}^{b}\varphi(y)\mathrm{d}y$，常数$a,b>0$，当$a<\varphi(b)$时，则（ ）。\\(A) $I>ab$\\(B) $I<ab$\\(C) $I=ab$\\(D) $I$与$ab$的大小关系不确定","n","基础30讲-例8-4","*","错题","8cm"
"数学","基础30讲","基础30讲-例8-5","$y=\mathrm{e}^{-x}\sin x$在$[0,+\infty)$上与$x$轴所围平面区域的面积写成如下表达式：① $\int_{0}^{+\infty} \mathrm{e}^{-x}|\sin x|\mathrm{d}x$;② $\left|\int_{0}^{+\infty} \mathrm{e}^{-x}\sin x\mathrm{d}x\right|$;③ $\lim\limits_{n\to\infty}\sum\limits_{k=0}^{n}\left|\int_{k\pi}^{(k+1)\pi} \mathrm{e}^{-x}\sin x\mathrm{d}x\right|$。其中正确表达式的个数是（ ）。(A) 0(B) 1(C) 2(D) 3","n","基础30讲-例8-5","*","错题","8cm"
"数学","基础30讲","基础30讲-例8-6","$\lim\limits_{n\to\infty}\left( \dfrac{n+1}{n^2+1} + \dfrac{n+2}{n^2+4} + \dfrac{n+3}{n^2+9} + \dots + \dfrac{n+n}{n^2+n^2} \right) = ( \quad )$。\\(A) $\displaystyle \int_{0}^{1} \dfrac{1+x}{1+x^2} \mathrm{d}x$\\(B) $\displaystyle \int_{0}^{1} \dfrac{1}{1+x} \mathrm{d}x$\\(C) $\displaystyle \int_{0}^{1} \dfrac{x}{1+x^2} \mathrm{d}x$\\(D) $\displaystyle \int_{0}^{1} \dfrac{2x}{1+x^2} \mathrm{d}x$","n","基础30讲-例8-6","***","知识点","8cm"
"数学","基础30讲","基础30讲-例8-7","设$f(x)$是$[a,b]$上非负的连续函数，且$f(x)$不恒等于零，证明必有$\int_{a}^{b} f(x)\mathrm{d}x>0$.","n","基础30讲-例8-7","***","不规范","8cm"
"数学","基础30讲","基础30讲-例8-10","设$M = \int_{0}^{\frac{\pi}{2}} \sin(\sin x) \mathrm{d}x$，$N = \int_{0}^{\frac{\pi}{2}} \cos(\cos x) \mathrm{d}x$，则（ ）。(A) $M < 1 < N$ (B) $M < N < 1$ (C) $N < M < 1$ (D) $1 < M < N$","n","基础30讲-例8-10","*","错题","8cm"
"数学","基础30讲","基础30讲-例8-11","设函数$y=f(x)$在区间$[-1,3]$上的图形如图8-6所示，则函数$F(x)=\int_{0}^{x}f(t)\mathrm{d}t$的图形为（ ）。","y","基础30讲-例8-11","*","错题","8cm"
"数学","基础30讲","基础30讲-例8-14","设$a>0$，函数$f(x)$在$[0,+\infty)$内连续有界，$C$为任意常数，证明：$y = \mathrm{e}^{-ax}\left[\int_{0}^{x} f(t)\mathrm{e}^{at}\mathrm{d}t + C\right]$有界。","n","基础30讲-例8-14","*","错题","8cm"
"数学","基础30讲","基础30讲-例8-15","设$a>b>0$，反常积分$\int_{0}^{+\infty} \frac{1}{x^a + x^b} \mathrm{d}x$收敛，则（ ）。\\(A) $a>1$且$b>1$\\(B) $a>1$且$b<1$\\(C) $a<1$且$a+b>1$\\(D) $a<1$且$b<1$","n","基础30讲-例8-15","*","错题","8cm"
"数学","基础30讲","基础30讲-例8-16","若反常积分$\int_{1}^{+\infty} \left( e^{-\cos \frac{1}{x}} - e^{-1} \right) x^k \mathrm{d}x$收敛，则$k$的取值范围是$\underline{\quad\quad}$.","n","基础30讲-例8-16","*","错题","8cm"
"数学","基础30讲","基础30讲-例8-18","已知$\alpha > 0$，则对于反常积分$\int_{0}^{1} \frac{\ln x}{x^\alpha} \mathrm{d}x$的敛散性的判别，正确的是（ ）。\\(A) 当$\alpha \geq 1$时，积分收敛\\(B) 当$\alpha < 1$时，积分收敛\\(C) 敛散性与$\alpha$的取值无关，必收敛\\(D) 敛散性与$\alpha$的取值无关，必发散","n","基础30讲-例8-18","*","错题","8cm"
"数学","基础30讲","基础30讲-例8-19","已知$\alpha > 0$，则对于反常积分$\int_{1}^{+\infty} \frac{\ln x}{x^\alpha} \mathrm{d}x$的敛散性的判别，正确的是（ ）。\\(A) 当$0 < \alpha \leq 1$时，积分收敛\\(B) 当$\alpha > 1$时，积分收敛\\(C) 敛散性与$\alpha$无关，必收敛\\(D) 敛散性与$\alpha$无关，必发散","n","基础30讲-例8-19","*","错题","8cm"
"数学","基础30讲","基础30讲-习8-3","若反常积分 \(\displaystyle \int_0^{+\infty} \frac{\ln x}{(1+x)x^{1-p}} \mathrm{d}x\) 收敛，则（ ）。(A) \(p<1\) (B) \(p>1\) (C) \(0<p<1\) (D) \(0\le p<1\)","n","基础30讲-习8-3","*","不规范","8cm"
"数学","基础30讲","基础30讲-习8-5","求极限 \(\displaystyle \lim_{n\to\infty} \sum_{i=1}^n \frac{\sin \dfrac{i\pi}{n}}{n+\dfrac{1}{i}} = \underline{\qquad}\)。","n","基础30讲-习8-5","*","错题","8cm"
"数学","基础30讲","基础30讲-习8-7","讨论 \(\displaystyle \int_{2}^{+\infty} \frac{1}{x \ln^p x} \mathrm{d}x\) 的敛散性，其中 \(p\) 为任意实数。","n","基础30讲-习8-7","*","错题","8cm"
"数学","基础30讲","基础30讲-例9-1","$\int \frac{\sqrt{x}}{\sqrt{4 - x^3}} \, \mathrm{d}x$","n","基础30讲-例9-1","*","错题","8cm"
"数学","基础30讲","基础30讲-例9-4","求不定积分$\int \frac{x\mathrm{e}^x}{\sqrt{\mathrm{e}^x-1}}\mathrm{d}x$.","n","基础30讲-例9-4","*","错题","8cm"
"数学","基础30讲","基础30讲-例9-5","求不定积分$\int \frac{x\mathrm{e}^{\arctan x}}{(1+x^2)^{\frac{3}{2}}}\mathrm{d}x$.","n","基础30讲-例9-5","*","错题、化简","8cm"
"数学","基础30讲","基础30讲-例9-6","设$f(\ln x)=\dfrac{\ln(1+x)}{x}$，计算$\int f(x)\mathrm{d}x$.","n","基础30讲-例9-6","*","其他方法","8cm"
"数学","基础30讲","基础30讲-例9-8","求$\int \frac{4x^2 - 6x - 1}{(x+1)(2x-1)^2} \mathrm{d}x$.","n","基础30讲-例9-8","*","错题","8cm"
"数学","基础30讲","基础30讲-例9-10","$\int \frac{2x+3}{x^2 - x + 1} \, dx = \underline{\qquad}$","n","基础30讲-例9-10","*","错题","8cm"
"数学","基础30讲","基础30讲-例9-13","$\int_{-1}^{1} x^2 \sqrt{1-x^2} \, dx$","n","基础30讲-例9-13","*","错题","8cm"
"数学","基础30讲","基础30讲-例9-14","$\int_0^1 \arcsin\sqrt{1-x^2} \, dx = \underline{\qquad}$","n","基础30讲-例9-14","*","错题","8cm"
"数学","基础30讲","基础30讲-例9-15","$\int_{0}^{1} x \arcsin\sqrt{4x - 4x^2} \, dx = \underline{\qquad}$","n","基础30讲-例9-15","*","错题","8cm"
"数学","基础30讲","基础30讲-例9-16","证明：若函数$f(x)$是以$T$为周期的连续函数，则对任意的实数$a$，都有$\int_{a}^{a+T} f(x) \mathrm{d}x = \int_{0}^{T} f(x) \mathrm{d}x$","n","基础30讲-例9-16","*","错题","8cm"
"数学","基础30讲","基础30讲-例9-18","设$f(x)$在$[0, 1]$上连续，证明$\int_{0}^{\pi} x f(\sin x) \mathrm{d}x = \frac{\pi}{2} \int_{0}^{\pi} f(\sin x) \mathrm{d}x$，并计算$\int_{0}^{\pi} x \sin^9 x \mathrm{d}x$","n","基础30讲-例9-18","*","错题","8cm"
"数学","基础30讲","基础30讲-例9-19","设$f(x)=\int_{1}^{x^2} e^{-t^2} \mathrm{d}t$，则$\int_{0}^{1} x f(x) \mathrm{d}x = (\quad)$。(A) $\frac{1}{4}(e^{-1}+1)$ (B) $\frac{1}{4}(e^{-1}-1)$ (C) $\frac{1}{4}(e+1)$ (D) $\frac{1}{4}(e-1)$","n","基础30讲-例9-19","*","错题","8cm"
"数学","基础30讲","基础30讲-例9-21","$F(x) = \int_{0}^{\frac{\pi}{2}} |\sin x - \sin t| \mathrm{d}t \ (x \ge 0)$ 在 $x \to 0^+$ 处的二次泰勒多项式为 $a + bx + cx^2$，则 $abc = \underline{\qquad}$","n","基础30讲-例9-21","*","错题","8cm"
"数学","基础30讲","基础30讲-例9-22","设函数$f(x)$可导，且$f(x) < -2xf'(x)$，则曲线$F(x) = \int_{0}^{x} t f(x^2 - t^2) \mathrm{d}t$（$\quad$）。(A)在$x=0$处取极大值 (B)在$x=0$处取极小值 (C)拐点是$(0,0)$ (D)在$(0,0)$处既非极值点也非拐点","n","基础30讲-例9-22","*","错题","8cm"
"数学","基础30讲","基础30讲-例9-28","计算$I_n = \int_{0}^{+\infty} x^n e^{-x} \mathrm{d}x$（$n$为非负整数）","n","基础30讲-例9-28","*","错题","8cm"
"数学","基础30讲","基础30讲-习9-3","$\lim\limits_{x \to +\infty} \dfrac{\int_{e}^{x} \left(1-\dfrac{1}{t}\right)^t \cdot e^{e^t} \mathrm{d}t}{e^{e^x}} = \underline{\qquad\qquad}$","n","基础30讲-习9-3","*","错题","8cm"
"数学","基础30讲","基础30讲-习9-4","设 $f(x)$ 的一个原函数为 $\ln^2 x$，则 $\int x f'(x) \mathrm{d}x = \_\_\_\_\_\_\_\_\_\_$.","n","基础30讲-习9-4","*","错题、计算","8cm"
"数学","基础30讲","基础30讲-习9-6","$\int_{2}^{+\infty} \dfrac{\mathrm{d}x}{(x+7)\sqrt{x-2}} = \_\_\_\_\_\_\_\_\_\_$","n","基础30讲-习9-6","*","错题、计算","8cm"
"数学","基础30讲","基础30讲-习9-7","计算 $\displaystyle \int \arcsin\sqrt{\frac{x}{a+x}} \,\mathrm{d}x$（$a$ 是大于 $0$ 的常数）.","n","基础30讲-习9-7","*","错题","8cm"
"数学","基础30讲","基础30讲-习9-9","求 $\displaystyle \int \max\{1,|x|\}\,\mathrm{d}x$ .","n","基础30讲-习9-9","*","错题","8cm"
"数学","基础30讲","基础30讲-习9-10","求定积分 \(\displaystyle \int_{0}^{\frac{3\pi}{4}} \frac{1}{1+\cos^2 x} \mathrm{d}x\)。","n","基础30讲-习9-10","*","错题","8cm"
"数学","基础30讲","基础30讲-习9-11","计算 \(\displaystyle \int_{-\frac{\pi}{4}}^{\frac{\pi}{4}} e^{\frac{x}{2}} \frac{\cos x - \sin x}{\sqrt{\cos x}} \mathrm{d}x\)。","n","基础30讲-习9-11","*","错题","8cm"
"数学","基础30讲","基础30讲-习9-13","求定积分 \(\displaystyle \int_{-1}^{1} \frac{x+1}{1+\sqrt[3]{x^2}} \mathrm{d}x\)。","n","基础30讲-习9-13","*","错题、计算","8cm"
"数学","基础30讲","基础30讲-习9-14","设\(f(x)=\begin{cases}\dfrac{1}{1+\sin x},&x\geq0,\\\dfrac{1}{1+\mathrm{e}^x},&x<0,\end{cases}\)求\(\displaystyle\int_{-1}^{\frac{\pi}{4}}f(x)\mathrm{d}x\)。","n","基础30讲-习9-14","*","错题","8cm"
"数学","基础30讲","基础30讲-习9-15","设\(x\geqslant -1\)，求\(\displaystyle\int_{-1}^{x} (1-|t|)\mathrm{d}t\)。","n","基础30讲-习9-15","*","错题、计算","8cm"
"数学","基础30讲","基础30讲-习9-16","求连续函数$f(x)$，使它满足$\int_{0}^{1} f(tx) \mathrm{d}t = f(x) + x\sin x$","n","基础30讲-习9-16","*","错题","8cm"
"数学","基础30讲","基础30讲-习9-17","设$f(x)=\int_{0}^{1} t|t-x|\mathrm{d}t$，求$f'(x)$。","n","基础30讲-习9-17","*","错题、不规范","8cm"
"数学","基础30讲","基础30讲-例10-2","求由摆线$\begin{cases} x=a(t-\sin t), \\ y=a(1-\cos t) \end{cases} (a>0)$的一拱与$x$轴所围平面图形的面积。","y","基础30讲-例10-2","*","错题、计算","8cm"
"数学","基础30讲","基础30讲-例10-3","求伯努利双纽线 $r^2 = a^2 \cos 2\theta$ 围成的图形的面积","n","基础30讲-例10-3","*","错题","8cm"
"数学","基础30讲","基础30讲-例10-4","求曲线 $y = e^{-x} \sin x\ (x \geq 0)$ 与 $x$ 轴所围平面图形的面积","n","基础30讲-例10-4","*","错题","8cm"
"数学","基础30讲","基础30讲-例10-5","求曲线$y = \mathrm{e}^{-\frac{x}{2}} \sqrt{\sin x}$在$[0, 2\pi]$部分与$x$轴围成的平面图形绕$x$轴旋转一周所成的旋转体的体积。","n","基础30讲-例10-5","*","错题","8cm"
"数学","基础30讲","基础30讲-例10-6","设函数$f(x)$的定义域为$(0, +\infty)$，且满足$2f(x)+x^2f\left(\frac{1}{x}\right)=\frac{x^2+2x}{\sqrt{1+x^2}}$。求$f(x)$，并求曲线$y=f(x)$，直线$y=\frac{1}{2}$，$y=\frac{\sqrt{3}}{2}$及$y$轴所围图形绕$x$轴旋转一周所成旋转体的体积。","n","基础30讲-例10-6","***","其他方法","8cm"
"数学","基础30讲","基础30讲-例10-7","过坐标原点作曲线$y=e^x$的切线，该切线与曲线$y=e^x$以及$x$轴围成的向$x$轴负向无限伸展的平面图形记为$D$。求：(1)$D$的面积$A$;(2)$D$绕直线$x=1$旋转一周所成的旋转体的体积$V$。","n","基础30讲-例10-7","*","错题、其他方法、粗心","8cm"
"数学","基础30讲","基础30讲-例10-8","设$f(x)$连续，且$f(x+2)-f(x)=x$，$\int_{0}^{2} f(x) \mathrm{d}x=0$，则$f(x)$在$[1,3]$上的平均值为$\underline{\quad\quad}$。","n","基础30讲-例10-8","***","其他方法","8cm"
"数学","基础30讲","基础30讲-例10-9","设曲线$L$的方程为$y=\dfrac{1}{4}x^2-\dfrac{1}{2}\ln x$，$1\leqslant x\leqslant \mathrm{e}$，$D$是由曲线$L$和直线$x=1$，$x=\mathrm{e}$及$x$轴围成的平面图形，则$D$的形心的横坐标为$\underline{\qquad\qquad}$。","n","基础30讲-例10-9","*","错题、计算","8cm"
"数学","基础30讲","基础30讲-例10-11","阿基米德螺线$r=\theta$上相应于$\theta$从$0$到$2\pi$一段的弧长为$\_\_\_\_\_\_\_\_\_\_$.","n","基础30讲-例10-11","*","错题","8cm"
"数学","基础30讲","基础30讲-例10-14","曲线$y=\sqrt{x}$与$y=x$所围平面有界区域绕直线$y=x$旋转一周所得旋转体的体积为$\_\_\_\_\_\_\_\_\_\_$.","n","基础30讲-例10-14","*","错题","8cm"
"数学","基础30讲","基础30讲-习10-2","圆域 $x^2 + (y - b)^2 \leq k^2(0 < k < b)$ 绕 $x$ 轴旋转一周所得旋转体的体积 $V =$ \underline{\qquad}","n","基础30讲-习10-2","*","错题","8cm"
"数学","基础30讲","基础30讲-习10-7","设$D_1$是由抛物线$y=2x^2$和直线$x=a$，$x=2$及$y=0$所围成的平面区域，$D_2$是由抛物线$y=2x^2$和直线$y=0$，$x=a$所围成的平面区域，其中$0<a<2$。(1) 求$D_1$绕$x$轴旋转一周而成的旋转体体积$V_1$，$D_2$绕$y$轴旋转一周而成的旋转体体积$V_2$;(2) 问当$a$为何值时，$V_1+V_2$取得最大值？并求此最大值。","n","基础30讲-习10-7","*","错题","8cm"
"数学","基础30讲","基础30讲-习10-8","计算由摆线 $\begin{cases}x = a(t - \sin t)\\y = a(1 - \cos t)\end{cases} (a>0, 0\leq t\leq 2\pi)$ 与 $x$ 轴所围平面图形绕 $y$ 轴旋转一周所得旋转体的体积。","n","基础30讲-习10-8","***","其他方法","8cm"
"数学","基础30讲","基础30讲-习10-9","求曲线 $y = 3 - |x^2 - 1|$ 与 $x$ 轴围成的封闭图形绕直线 $y = 3$ 旋转一周所得旋转体的体积。","n","基础30讲-习10-9","*","错题","8cm"
"数学","基础30讲","基础30讲-例11-1","(1)设$f(x),g(x)$在$[a,b]$上连续，且$g(x)$在$[a,b]$上不变号，证明：存在$\xi\in(a,b)$，使得$\int_{a}^{b}f(x)g(x)\mathrm{d}x = f(\xi)\int_{a}^{b}g(x)\mathrm{d}x$;(2)设$f(x)$在$[1,2]$上连续，计算$\lim\limits_{n\to\infty}\int_{1}^{2}f(x)\mathrm{e}^{-x^n}\mathrm{d}x$","n","基础30讲-例11-1","*","错题","8cm"
"数学","基础30讲","基础30讲-例11-2","设$f(x)$在$\left[0,\frac{\pi}{2}\right]$上有二阶导数，且$f(0)=2$，$f\left(\frac{\pi}{2}\right)=1$，$\int_{0}^{\frac{\pi}{2}}f(x)\mathrm{e}^{\sin x}\cos x\mathrm{d}x=2(\mathrm{e}-1)$。证明：存在$\xi\in\left(0,\frac{\pi}{2}\right)$，使$f''(\xi)<0$。","n","基础30讲-例11-2","*","想得久","8cm"
"数学","基础30讲","基础30讲-例11-3","$\lim\limits_{n\rightarrow\infty}\int_{0}^{1}(n+1)x^n\ln(1+x)\mathrm{d}x = (\quad)$。(A)$\ln 2$ (B)$1$ (C)$\mathrm{e}^2$ (D)$+\infty$","n","基础30讲-例11-3","*","错题","8cm"
"数学","基础30讲","基础30讲-例11-5","设函数$f(x)=x-[x]$，其中$[x]$表示不超过$x$的最大整数，则$\lim\limits_{x \to +\infty} \frac{1}{x}\int_{0}^{x} f(t)dt = \underline{\qquad\qquad}$。","n","基础30讲-例11-5","***","不规范","8cm"
"数学","基础30讲","基础30讲-例11-6","设$f(x)$的二阶导数$f''(x)$在$[0,1]$上连续，且$f(0)=f(1)=0$，证明：(1) $\int_{0}^{1} f(x)\mathrm{d}x = \frac{1}{2}\int_{0}^{1} x(x-1)f''(x)\mathrm{d}x$;(2) $\left| \int_{0}^{1} f(x)\mathrm{d}x \right| \leq \frac{1}{12} \max\limits_{0\leq x\leq1} \left\{ |f''(x)| \right\}$。","n","基础30讲-例11-6","***","不规范","8cm"
"数学","基础30讲","基础30讲-例11-8","设$f(x)$在$[0,1]$上具有一阶连续导数，且$f(0)=f(1)=0$，记$M = \max\limits_{x\in[0,1]}\left\{ |f'(x)| \right\}$，证明：$\left| \int_{0}^{1} f(x)\mathrm{d}x \right| \leq \frac{1}{4}M$。","n","基础30讲-例11-8","*","错题","8cm"
"数学","基础30讲","基础30讲-例11-9","设$f(x)$在$[0,2]$上二阶导数连续，且$f(1)=0$。当$x\in[0,2]$时，记$M = \max\limits_{x\in[0,2]}\left\{ |f''(x)| \right\}$，证明：$\left| \int_{0}^{2} f(x)\mathrm{d}x \right| \leq \frac{1}{3}M$。","n","基础30讲-例11-9","*","错题、不简洁","8cm"
"数学","基础30讲","基础30讲-习11-2","证明：$\int_{0}^{\frac{\pi}{2}} \frac{\cos x}{1+x^2} \mathrm{d}x \geqslant \int_{0}^{\frac{\pi}{2}} \frac{\sin x}{1+x^2} \mathrm{d}x$","n","基础30讲-习11-2","***","其他方法、不简洁","8cm"
"数学","基础30讲","基础30讲-习11-5","设$f'(x)$在$[0,a]$上连续，且$f(0)=0$，证明：$\left|\int_{0}^{a} f(x) \mathrm{d}x\right| \leqslant \dfrac{Ma^2}{2}$，其中$M = \max\limits_{0\leqslant x\leqslant a} |f'(x)|$","n","基础30讲-习11-5","***","其他方法","8cm"
"数学","基础30讲","基础30讲-习12-3","（仅数学一、数学二）有一半径为$4\ \mathrm{m}$的半球形水池蓄满了水，现在要将水全部抽到距水池原水面$6\ \mathrm{m}$高的水箱中，求需做多少功。(水的密度$\rho=1000\ \mathrm{kg/m^3}$，重力加速度$g=9.8\ \mathrm{m/s^2}$，$\pi=3.14$)","n","基础30讲-习12-3","*","错题","8cm"
"数学","基础30讲","基础30讲-例13-1","设$I_1 = \lim\limits_{\substack{x \to 0 \\ y \to 0}} \frac{|xy|}{\sqrt{x^2+y^2}}$，$I_2 = \lim\limits_{\substack{x \to 0 \\ y \to 0}} \frac{x|y|}{x^2+y^2}$，则（ ）。(A) $I_1$存在，$I_2$不存在(B) $I_1$存在，$I_2$存在(C) $I_1$不存在，$I_2$存在(D) $I_1$不存在，$I_2$不存在","n","基础30讲-例13-1","***","不规范","8cm"
"数学","基础30讲","基础30讲-例13-5","设函数$f(x,y)=\int_{0}^{xy} e^{-xt^2} \mathrm{d}t$，则$f'_x(1,+\infty)=$______。","n","基础30讲-例13-5","*","错题","8cm"
"数学","基础30讲","基础30讲-例13-6","设函数$f(x,y)$可微，$f(0,0)=0$，$\frac{\partial f}{\partial x}=-f(x,y)$，$\frac{\partial f}{\partial y}=e^{-x}\cos y$，求$f(x,y)$。","n","基础30讲-例13-6","*","错题、不规范","8cm"
"数学","基础30讲","基础30讲-例13-7","已知$(axy^3 - y^2\cos x)\mathrm{d}x + (1 + by\sin x + 3x^2y^2)\mathrm{d}y$为某一函数$u(x,y)$的全微分，则$(a,b)=$（ ）。(A)$(2,2)$(B)$(2,-2)$(C)$(-2,2)$(D)$(-2,-2)$","n","基础30讲-例13-7","***","其他方法","8cm"
"数学","基础30讲","基础30讲-例13-9","设$z = f\left(e^x \sin y, x^2 + y^2\right)$，其中$f$具有二阶连续偏导数，$f_1'(0,0)=1$，$f_2'(0,0)=-1$，则$\left.\frac{\partial^2 z}{\partial x \partial y}\right|_{(0,0)} =$（ ）。(A) $0$(B) $1$(C) $2$(D) $-1$","n","基础30讲-例13-9","*","错题","8cm"
"数学","基础30讲","基础30讲-例13-10","设函数$f(x, \mathrm{e}^x) = x + \mathrm{e}^x$，且$\left. f'_x(x, y) \right|_{y=\mathrm{e}^x} = 1 + 2\mathrm{e}^x$，则$\left. f'_y(x, y) \right|_{y=\mathrm{e}^x} = \underline{\qquad\qquad}$。","n","基础30讲-例13-10","*","错题","8cm"
"数学","基础30讲","基础30讲-例13-11","设对任意的$x,y$有$\left( \dfrac{\partial f}{\partial x} \right)^2 + \left( \dfrac{\partial f}{\partial y} \right)^2 = 4$，用变量代换$x=uv$，$y=\dfrac{u^2-v^2}{2}$将函数$f(x,y)$变换成函数$g(u,v)$，且满足关系式$a\left( \dfrac{\partial g}{\partial u} \right)^2 - b\left( \dfrac{\partial g}{\partial v} \right)^2 = u^2+v^2$，求$a,b$。","n","基础30讲-例13-11","*","错题","8cm"
"数学","基础30讲","基础30讲-例13-12","若函数$z=z(x,y)$由方程$\mathrm{e}^{x+2y+3z} + xyz = 1$确定，则$\left. \mathrm{d}z \right|_{(0,0)} = \underline{\qquad\qquad}$。","n","基础30讲-例13-12","***","其他方法、不简洁","8cm"
"数学","基础30讲","基础30讲-例13-13","设有三元方程$xy - z\ln y + \mathrm{e}^{xz} = 1$，根据隐函数存在定理，存在点$(0,1,1)$的一个邻域，在此邻域内该方程（$\quad$）。(A) 只能确定一个具有连续偏导数的隐函数$z=z(x,y)$(B) 可确定两个具有连续偏导数的隐函数$y=y(x,z)$和$z=z(x,y)$(C) 可确定两个具有连续偏导数的隐函数$x=x(y,z)$和$z=z(x,y)$(D) 可确定两个具有连续偏导数的隐函数$x=x(y,z)$和$y=y(x,z)$","n","基础30讲-例13-13","***","想得久","8cm"
"数学","基础30讲","基础30讲-例13-14","设$F(x, y)$在点$(x_0, y_0)$的某邻域内有连续的偏导数，且$F(x_0, y_0)=0$，则$F'_y(x_0, y_0)\neq 0$是$F(x, y)=0$在点$(x_0, y_0)$的某邻域内能确定一个连续函数$y=y(x)$，且满足$y_0=y(x_0)$，并有连续导数的（）。(A) 必要非充分条件(B) 充分非必要条件(C) 充要条件(D) 既不充分又不必要条件","n","基础30讲-例13-14","*","错题","8cm"
"数学","基础30讲","基础30讲-例13-16","设函数$z=z(x,y)$由方程$F\left(x+zy^{-1}, y+zx^{-1}\right)=0$所确定，其中$F$具有连续偏导数，且$xF_1'+yF_2'\neq0$，则$x\frac{\partial z}{\partial x}+y\frac{\partial z}{\partial y}=\underline{\qquad\qquad}$。","n","基础30讲-例13-16","***","其他方法","8cm"
"数学","基础30讲","基础30讲-例13-19","已知函数$z=z(x,y)$由方程$(x^2+y^2)z+\ln z+2(x+y+1)=0$确定，求$z(x,y)$的极值。","n","基础30讲-例13-19","***","其他方法、不简洁","8cm"
"数学","基础30讲","基础30讲-例13-20","设$a,b$满足$\int_{a}^{b} |x| \mathrm{d}x = \frac{1}{2} (a \leq 0, b \geq 0)$，求曲线$y = x^2 + ax$与直线$y = bx$所围区域面积的最大值和最小值。","n","基础30讲-例13-20","*","错题","8cm"
"数学","基础30讲","基础30讲-例13-21","求曲线$x^2 + 4y^2 = 4$上到直线$2x + 3y - 6 = 0$的距离最近的点。","n","基础30讲-例13-21","***","其他方法","8cm"
"数学","基础30讲","基础30讲-例13-22","已知函数$z=f(x,y)$的全微分$\mathrm{d}z=2x\mathrm{d}x-2y\mathrm{d}y$，并且$f(1,1)=2$。求$f(x,y)$在椭圆域$D=\left\{(x,y)\left|x^2+\frac{y^2}{4}\leq1\right.\right\}$上的最大值和最小值。","n","基础30讲-例13-22","***","其他方法","8cm"
"数学","基础30讲","基础30讲-习13-1","设$f(0,0)=0$，$f(x,y)$在$(0,0)$点连续，则当$(x,y)\neq(0,0)$时，$f(x,y)$可能为（ ）。(A)$\dfrac{xy}{x^2+y^2}$ (B)$\dfrac{x^2-y^2}{x^2+y^2}$ (C)$\dfrac{x^2y}{x^2+y^2}$ (D)$\dfrac{x^2y}{x^4+y^2}$","n","基础30讲-习13-1","***","其他方法","8cm"
"数学","基础30讲","基础30讲-习13-9","设$z=z(x,y)$由$(z+y)^x=x^2$确定，则$\left.\frac{\partial z}{\partial x}\right|_{(1,1)}=$","n","基础30讲-习13-9","***","不严谨","8cm"
"数学","基础30讲","基础30讲-习13-10","设 $z = f(x^2 y^2, \mathrm{e}^{xy})$，其中 $f(u, v)$ 有二阶连续偏导数，求 $z_{xx}''$，$z_{yy}''$，$z_{xy}''$。","n","基础30讲-习13-10","*","错题、粗心","8cm"
"数学","基础30讲","基础30讲-习13-13","设函数$f(x)$可导，且$f'(x)>0$。曲线$y=f(x)(x\ge0)$经过坐标原点$O$，其上任意一点$M$处的切线与$x$轴交于$T$，又$MP$垂直$x$轴于点$P$。已知由曲线$y=f(x)$，直线$MP$以及$x$轴所围图形的面积与$\triangle MTP$的面积之比恒为$3:2$，求满足上述条件的曲线的方程。","n","基础30讲-习13-13","*","错题、常数C","15cm"
"数学","基础30讲","基础30讲-习13-14","求曲线 $x^3 - xy + y^3 = 1$ ($x\geq 0, y\geq 0$) 上的点到坐标原点的最长距离与最短距离。","n","基础30讲-习13-14","***","不严谨","8cm"
"数学","基础30讲","基础30讲-例14-2","设$D(t)=\{(x, y)|2x^2+3y^2\leq 6\}(t\geq 0)$，$f(x, y)=\begin{cases}\dfrac{\sqrt[3]{1-(x^2+y^2)}-1}{\mathrm{e}^{x^2+y^2}-1}, & (x, y)\neq(0,0), \\ a, & (x, y)=(0,0)\end{cases}$为连续函数，令$F(t)=\iint\limits_{D(t)} f(x, y) \mathrm{d}x\mathrm{d}y$，则$F'_+(0)=$______。","n","基础30讲-例14-2","*","错题","8cm"
"数学","基础30讲","基础30讲-例14-3","设$J_i = \iint\limits_{D_i} \sqrt[3]{x-y} \mathrm{d}x\mathrm{d}y (i=1,2,3)$，其中$D_1=\{(x,y)|0\leq x\leq 1, 0\leq y\leq 1\}$，$D_2=\{(x,y)|0\leq x\leq 1, 0\leq y\leq \sqrt{x}\}$，$D_3=\{(x,y)|0\leq x\leq 1, x^2\leq y\leq 1\}$，则（）。(A) $J_1 < J_2 < J_3$ (B) $J_3 < J_1 < J_2$ (C) $J_2 < J_3 < J_1$ (D) $J_2 < J_1 < J_3$","n","基础30讲-例14-3","***","不规范","8cm"
"数学","基础30讲","基础30讲-例14-4","设$f(x) = \iint\limits_{D(x)} \dfrac{v \ln\sqrt{u^2+v^2}}{u+v} \mathrm{d}u\mathrm{d}v$，$D(x) = \left\{(u,v)\left|\dfrac{1}{4} \leq u^2+v^2 \leq x^2, u>0, v>0\right.\right\}\left(x>\dfrac{1}{2}\right)$，则$f(x) = （\quad）$。(A)$\dfrac{1}{4}\iint\limits_{D(x)} \ln(u^2+v^2)\mathrm{d}u\mathrm{d}v$ (B)$\dfrac{1}{2}\iint\limits_{D(x)} \ln(u^2+v^2)\mathrm{d}u\mathrm{d}v$ (C)$\iint\limits_{D(x)} \ln(u^2+v^2)\mathrm{d}u\mathrm{d}v$ (D)$2\iint\limits_{D(x)} \ln(u^2+v^2)\mathrm{d}u\mathrm{d}v$","n","基础30讲-例14-4","*","错题、粗心","8cm"
"数学","基础30讲","基础30讲-例14-5","设函数$f(x, y)$连续，则二次积分$\int_{\frac{\pi}{2}}^{\pi} \mathrm{d}x \int_{\sin x}^{1} f(x, y) \mathrm{d}y = （\quad）$。(A) $\int_{0}^{1} \mathrm{d}y \int_{\pi+\arcsin y}^{\frac{\pi}{2}} f(x, y) \mathrm{d}x$ (B) $\int_{0}^{1} \mathrm{d}y \int_{\pi-\arcsin y}^{\pi} f(x, y) \mathrm{d}x$ (C) $\int_{0}^{1} \mathrm{d}y \int_{\frac{\pi}{2}}^{\pi+\arcsin y} f(x, y) \mathrm{d}x$ (D) $\int_{0}^{1} \mathrm{d}y \int_{\frac{\pi}{2}}^{\pi-\arcsin y} f(x, y) \mathrm{d}x$","n","基础30讲-例14-5","***","其他方法、不简洁","8cm"
"数学","基础30讲","基础30讲-例14-6","当$x \to 0^+$时，$f(x) = \int_{0}^{x^2} \mathrm{d}y \int_{x}^{\sqrt{y}} \sin\frac{y}{t} \mathrm{d}t$与$g(x)=ax^b$是等价无穷小量，则$ab = \underline{\quad\quad}$。","n","基础30讲-例14-6","*","错题、粗心","8cm"
"数学","基础30讲","基础30讲-例14-7","$\int_{0}^{1} \mathrm{d}y \int_{y}^{1} \arcsin \sqrt{4x - 4x^2} \mathrm{d}x$;n;基础30讲-例14-7;*;错题;8cm数学;基础30讲;基础30讲-例14-8;设区域$D=\left\{(x,y)\mid x^2+y^2\leq \sqrt{2}\right\}$，则$\iint\limits_D \left(x^2+\dfrac{y^2}{2}\right)\mathrm{d}x\mathrm{d}y=$","n","基础30讲-例14-8","***","其他方法","8cm"
"数学","基础30讲","基础30讲-例14-9","设平面有界区域$D$位于第一象限，由曲线$x^2+y^2-xy=1$，$x^2+y^2-xy=2$与直线$y=\sqrt{3}x$，$y=0$围成，计算$\iint\limits_D \dfrac{1}{3x^2+y^2}\mathrm{d}x\mathrm{d}y$.","n","基础30讲-例14-9","*","错题","8cm"
"数学","基础30讲","基础30讲-例14-10","设$f(x)=\iint\limits_{D(x)} \dfrac{v \ln\sqrt{u^2+v^2}}{u+v} \mathrm{d}u\mathrm{d}v$，$D(x)=\left\{(u,v)\left|\dfrac{1}{4}\leq u^2+v^2\leq x^2, u>0, v>0\right.\right\}$，求曲线$y(x)=\int_{1}^{x} f(t)\mathrm{d}t\left(x>\dfrac{1}{2}\right)$的拐点。","n","基础30讲-例14-10","*","错题、粗心","8cm"
"数学","基础30讲","基础30讲-例14-11","计算$\int_{0}^{+\infty} e^{-x^2} \mathrm{d}x$。","n","基础30讲-例14-11","*","错题","8cm"
"数学","基础30讲","基础30讲-例14-12","计算$\int_{-\infty}^{+\infty} x^2 e^{-x^2} \mathrm{d}x$。","n","基础30讲-例14-12","***","其他方法","8cm"
"数学","基础30讲","基础30讲-例14-13","已知$\lim\limits_{x \to +\infty} \dfrac{\int_{0}^{x} t^2 e^{x^2 - t^2} \mathrm{d}t + a e^{x^2}}{x^b} = -\dfrac{1}{2}$，求$a,b$的值。","n","基础30讲-例14-13","*","错题","8cm"
"数学","基础30讲","基础30讲-例14-15","设平面区域$D=\{(x,y)|0\leq x\leq 1-y, 0\leq y\leq 1\}$，计算二重积分$\iint\limits_D e^{\frac{y}{x+y}} \mathrm{d}\sigma$。","n","基础30讲-例14-15","***","其他方法","8cm"
"数学","基础30讲","基础30讲-例14-17","设$D$为$(x-1)^2+y^2=1$与$(x-2)^2+y^2=4$及$x$轴所围区域在第一象限的部分，则$D$的形心$(\bar{x},\bar{y})=$______。","n","基础30讲-例14-17","*","错题","8cm"
"数学","基础30讲","基础30讲-习14-1","$\lim\limits_{n\rightarrow\infty}\sum\limits_{i=1}^{n}\sum\limits_{j=1}^{n}\dfrac{n}{(n+i)(n^2+j^2)} = (\quad)$。(A) $\int_{0}^{1}\mathrm{d}x\int_{0}^{x}\dfrac{1}{(1+x)(1+y^2)}\mathrm{d}y$ (B) $\int_{0}^{1}\mathrm{d}x\int_{0}^{x}\dfrac{1}{(1+x)(1+y)}\mathrm{d}y$ (C) $\int_{0}^{1}\mathrm{d}x\int_{0}^{1}\dfrac{1}{(1+x)(1+y)}\mathrm{d}y$ (D) $\int_{0}^{1}\mathrm{d}x\int_{0}^{1}\dfrac{1}{(1+x)(1+y^2)}\mathrm{d}y$","n","基础30讲-习14-1","***","想得久","8cm"
"数学","基础30讲","基础30讲-习14-2","设函数$f(t)$连续，区域$D=\left\{(x,y)\mid x^2+y^2\leq 2y\right\}$，则$\iint\limits_D f(xy)\mathrm{d}x\mathrm{d}y = (\quad)$。(A) $\int_{-1}^{1}\mathrm{d}x\int_{-\sqrt{1-x^2}}^{\sqrt{1-x^2}} f(xy)\mathrm{d}y$ (B) $2\int_{0}^{2}\mathrm{d}y\int_{0}^{\sqrt{2y-y^2}} f(xy)\mathrm{d}x$ (C) $\int_{0}^{\pi}\mathrm{d}\theta\int_{0}^{2\sin\theta} f(r^2\sin\theta\cos\theta)\mathrm{d}r$ (D) $\int_{0}^{\pi}\mathrm{d}\theta\int_{0}^{2\sin\theta} f(r^2\sin\theta\cos\theta)r\mathrm{d}r$","n","基础30讲-习14-2","***","不正规","8cm"
"数学","基础30讲","基础30讲-习14-6","设$f(x)$为连续函数，$F(t)=\int_{1}^{t}\mathrm{d}y\int_{y}^{t}f(x)\mathrm{d}x$，则$F'(t)=$","n","基础30讲-习14-6","***","其他方法、不简洁","8cm"
"数学","基础30讲","基础30讲-习14-7","设区域$D$是由曲线$y=\sin x$与直线$x=\pm\dfrac{\pi}{2}$，$y=1$围成的平面区域，则$\iint\limits_D (xy^5-1)\mathrm{d}\sigma =$","n","基础30讲-习14-7","***","其他方法","8cm"
"数学","基础30讲","基础30讲-习14-8","设区域$D=\left\{(x,y)\mid x^2+y^2\leq 1, x\geq 0\right\}$，计算二重积分$I=\iint\limits_D \frac{1+xy}{1+x^2+y^2}\mathrm{d}x\mathrm{d}y$。","n","基础30讲-习14-8","*","错题","8cm"
"数学","基础30讲","基础30讲-习14-12","14.12 (1) 设积分区域$D$能使二重积分$\iint\limits_D (1-2x^2-y^2)\mathrm{d}\sigma$的值达到最大，求出该积分区域$D$;(2) 对(1)中的二重积分$\iint\limits_D (1-2x^2-y^2)\mathrm{d}\sigma$，求出其最大值。","n","基础30讲-习14-12","*","错题","8cm"
"数学","基础30讲","基础30讲-例15-4","求微分方程 $\dfrac{y\mathrm{d}y}{1+y^2} = \dfrac{\mathrm{d}x}{x(1+x^2)}$ 的解。","n","基础30讲-例15-4","*","错题","8cm"
"数学","基础30讲","基础30讲-例15-6","设$L$是一条平面曲线，其上任意一点$P(x,y)(x>0)$到坐标原点的距离恒等于该点处的切线在$y$轴上的截距，且$L$经过点$\left(\dfrac{1}{2},0\right)$。求曲线$L$的方程。","n","基础30讲-例15-6","*","错题、粗心","8cm"
"数学","基础30讲","基础30讲-例15-7","设$y=y(x)$是微分方程$y'+y=\mathrm{e}^{-x}\cos x$满足$y(0)=0$的特解。(1)求$y(x)$;(2)求曲线$y(x)$与$x$轴在$[0,+\infty)$上所围图形的面积。","n","基础30讲-例15-7","*","错题、粗心","8cm"
"数学","基础30讲","基础30讲-例15-8","微分方程 $y\mathrm{d}x + (x - 3y^2)\mathrm{d}y = 0$ 满足条件 $\left.y\right|_{x=1} = 1$ 的解为 $y=$","n","基础30讲-例15-8","*","错题","8cm"
"数学","基础30讲","基础30讲-例15-10","设$a>0$，函数$f(x)$在$[0,+\infty)$内连续有界。证明：微分方程$y'+ay=f(x)$的解在$[0,+\infty)$内有界。","n","基础30讲-例15-10","*","错题","8cm"
"数学","基础30讲","基础30讲-例15-12","求微分方程$y''=y'\left[1+(y')^2\right]$满足$y(0)=0$，$y'(0)=1$的特解。","n","基础30讲-例15-12","***","其他方法","8cm"
"数学","基础30讲","基础30讲-例15-13","求微分方程$yy'' - \dfrac{2}{3}(y')^2 = 0$满足$y(0)=0$的解。","n","基础30讲-例15-13","*","错题、不规范","8cm"
"数学","基础30讲","基础30讲-例15-14","求满足$f(0)=0$的具有一阶连续导数的$f(x)$，使$\left[ yf'(x) + y^2 \right] \mathrm{d}x + \left( x^2 + 2xy \right) \mathrm{d}y = 0$为全微分方程，并求此全微分方程的通解。","n","基础30讲-例15-14","*","错题、其他方法、未化简至最简","8cm"
"数学","基础30讲","基础30讲-例15-16","设函数$y=f(x)$满足微分方程$y''+2y'+5y=0$，且$f(0)=1$，$f'(0)=-1$，则$f(x)=$","n","基础30讲-例15-16","*","错题、粗心","8cm"
"数学","基础30讲","基础30讲-例15-18","设二阶常系数线性微分方程$y''+\alpha y'+\beta y=\gamma e^x$的一个特解为$y^*=e^{2x}+(1+x)e^x$。确定常数$\alpha,\beta,\gamma$，并求该方程的通解。","n","基础30讲-例15-18","***","方法不同","8cm"
"数学","基础30讲","基础30讲-例15-19","已知某四阶常系数齐次线性微分方程有特解$y_1(x)=e^x\cos2x$，$y_2(x)=x$，且方程中$y^{(4)}$前的系数为1，该方程为$\underline{\qquad\qquad}$。","n","基础30讲-例15-19","***","方法不同","8cm"
"数学","基础30讲","基础30讲-例15-21","设自行车前轮和后轮与地面的接触点分别为$P$和$Q$，并设$|PQ|=1$，初始时刻$P$在原点，$Q$在$(1,0)$点，若前轮沿$y$轴的正方向前进，求$Q$点的运动轨迹。","n","基础30讲-例15-21","*","错题、计算错误、去平方正负","8cm"
"数学","基础30讲","基础30讲-例15-23","已知高温物体置于低温介质中，$t$时刻物体温度$T(t)\ ^\circ\text{C}$对时间（单位：$\mathrm{min}$）的变化率与$t$时刻物体和介质的温差$T-T_0$成正比（$T>T_0$），比例系数为$k,k>0$。现将一初始温度为$120\ ^\circ\text{C}$的物体在$20\ ^\circ\text{C}$恒温介质中冷却，$30\ \mathrm{min}$后该物体温度降至$30\ ^\circ\text{C}$，则$T(t)=$","n","基础30讲-例15-23","*","错题、变化率正负","8cm"
"数学","基础30讲","基础30讲-习15-3","微分方程$y'\tan x = y\ln y$的通解是","n","基础30讲-习15-3","*","错题、粗心、未化简至最简","8cm"
"数学","基础30讲","基础30讲-习15-5","微分方程$y'+1=e^{-y}\sin x$的通解为","n","基础30讲-习15-5","*","错题、粗心","8cm"
"数学","基础30讲","基础30讲-习15-6","(仅数学一、数学二)微分方程$xy''+3y'=0$的通解为","n","基础30讲-习15-6","***","去绝对值","8cm"
"数学","基础30讲","基础30讲-习15-8","方程 \(x^2 \dfrac{\mathrm{d}^2 y}{\mathrm{d}x^2} - 2y = x^2\) 的通解为\(\underline{\qquad}\)。","n","基础30讲-习15-8","*","错题、粗心","8cm"
"数学","基础30讲","基础30讲-习15-9","已知$y_1 = x\mathrm{e}^x + \mathrm{e}^{-x}$是某二阶非齐次线性微分方程的特解，$y_2 = (x+1)\mathrm{e}^x$是对应二阶齐次线性微分方程的特解，求此非齐次线性微分方程。","n","基础30讲-习15-9","*","错题、粗心","15cm"
"数学","基础30讲","基础30讲-习15-10","设函数$f(t)$在$[0,+\infty)$上连续，且满足方程$f(t)=\mathrm{e}^{4\pi t^{2}}+\iint\limits_{x^{2}+y^{2}\leqslant 4t^{2}}f\left(\dfrac{1}{2}\sqrt{x^{2}+y^{2}}\right)\mathrm{d}x\mathrm{d}y$，求$f(t)$。","n","基础30讲-习15-10","*","错题、粗心","15cm"
"数学","基础30讲","基础30讲-习15-11","设四阶常系数齐次线性微分方程$y^{(4)}-y'''+y''-y'=0$。(1)求上述微分方程的通解$y(x)$","n","基础30讲-习15-11","*","错题、常数C","15cm"
"数学","基础30讲","基础30讲-习15-12","设函数$y(x)$具有二阶导数，且曲线$l:y=y(x)$与直线$y=x$相切于原点。记$\alpha$为曲线$l$在点$(x,y)$处切线的倾角，若$\dfrac{\mathrm{d}\alpha}{\mathrm{d}x}=\dfrac{\mathrm{d}y}{\mathrm{d}x}$，求$y(x)$的表达式。","n","基础30讲-习15-12","*","错题","15cm"
"数学","基础30讲","基础30讲-例16-1","证明：$\sum\limits_{n=1}^{\infty}(u_{n+1}-u_n)$收敛$\iff \lim\limits_{n\to\infty}u_n$存在.","n","基础30讲-例16-1","*","错题、概念问题","8cm"
"数学","基础30讲","基础30讲-例16-2","记$\sum\limits_{n=1}^{\infty}u_n$的部分和$S_n = u_1 + u_2 + \dots + u_n$，若$\lim\limits_{n\to\infty}u_n = 0$，$\lim\limits_{n\to\infty}S_{2n} = S$（或$\lim\limits_{n\to\infty}S_{2n+1} = S$），证明：$\sum\limits_{n=1}^{\infty}u_n = S$。","n","基础30讲-例16-2","*","错题、概念问题","8cm"
"数学","基础30讲","基础30讲-例16-3","判别级数$\sum\limits_{n=0}^{\infty}\dfrac{1}{n!}$的敛散性.","n","基础30讲-例16-3","*","错题、其他方法","13cm"
